Judul;Januari;Februari;Maret;April;Mei;Juni
Atheis;1;0;0;0;0;0
Mencari tepi langit;1;0;0;0;0;0
Harga sebuah percaya;1;1;3;1;1;1
Gadis kretek;1;0;2;1;0;0
Model-model pembelajaran inovatif;3;2;1;0;0;0
Pengelolaan laboratorium ipa berpedoman pada permendiknas;1;0;0;0;0;0
metodologi penelitian sastra;3;2;1;0;2;1
Metode Penelitian Kuantitatif, Kualitatif dan R&D;6;5;6;8;12;7
Pendidikan karakter konsep dan implementasi;3;2;0;0;1;0
Pengantar kajian sastra;3;2;0;0;1;1
Sastra kita, kritik, dan lokalitas;2;2;0;0;1;1
Teori kesusastraan;3;2;0;0;0;0
Media pembelajaran;6;2;4;0;8;4
Media pembelajaran digital;2;0;1;0;1;2
Media konvensional dan media online;2;0;2;0;1;1
Belajar & pembelajaran pada bidang teknologi informasi;2;1;0;0;0;0
PENGANTAR SEMANTIK BAHASA INDONESIA;3;2;3;0;0;0
Semantik leksikal;2;2;2;0;1;1
Dasar-dasar ilmu semantik;1;1;1;0;0;1
micro teaching disertai dengan pedoman pengalaman lapangan;1;0;1;0;0;0
Micro Teaching;1;0;0;0;0;0
METODE PEMBELAJARAN DRAMA;1;0;0;0;0;0
DRAMA KARYA DALAM DUA DIMENSI;1;0;0;0;0;1
Jenis Kalimat Dalam Bahasa Indonesia;1;0;0;1;0;0
Argumentasi dan Narasi;1;0;0;1;0;0
JENIS-JENIS TEKS;1;0;1;1;0;0
SEMANTIK 2;1;0;1;0;1;0
Metode Penelitian Kuantitatif;1;1;3;2;3;2
68 MODEL PEMBELAJARAN INOVATIF DALAM KURIKULUM 2013;2;1;0;0;0;2
ANALISIS WACANA PENGANTAR ANALISIS TEKS MEDIA;2;0;1;1;1;0
Analisis Wacana: Teori, Metode, & Penerapannya;2;0;0;0;0;0
ANALISIS TEKS MEDIA;2;3;1;0;0;0
Ilmu sosial budaya dasar;1;0;0;0;0;1
Culture studi kebudayaan;1;0;0;0;1;0
Teori-teori kebudayaan dari teori hingga aplikasi;1;0;0;0;2;0
Metode penelitian bahasa;2;1;1;1;1;0
METODOLOGI PENELITIAN KUALITATIF;5;4;6;3;10;5
Metode penelitian kuantitatif kualitatif dan R&D Best seller;1;1;1;1;0;0
Pendidikan karakter;2;0;0;0;0;0
Pendidikan karakter dalam sastra indonesia;1;0;0;0;2;1
Statistika untuk penelitian;1;1;1;0;0;0
Analisis wacana kajian teoritis dan praktis ed,2;1;0;0;0;0;0
Critical Discourse Analysis (Analisis Wacana Kritis) : Landasan Teori, Metodologi dan Penerapan;1;0;1;0;0;0
PENDIDIKAN KARAKTER BERBASIS AGAMA & BUDAYA;1;0;0;0;0;0
Pengantar sosiolinguistik;1;0;1;0;0;0
Sosiolinguistik perkenalan awal;1;0;0;0;0;0
Pengantar ilmu antropologi;1;0;2;1;0;1
Prinsip-prinsip pragmatik;2;0;0;0;0;0
Panduan lengkap SPSS 26;1;0;1;0;0;0
Prosedur penelitian suatu pendekatan praktik;1;0;0;2;1;0
Tes bahasa;1;0;1;1;2;0
Model-model pembelajaran;2;0;1;1;1;1
Menjelajah pembelajaran inovatif;1;0;0;0;0;0
Biologi reproduksi;1;0;0;0;0;0
PENGANTAR APRESIASI KARYA SASTRA;1;0;0;0;0;0
SOSIOLINGUISTIK;2;0;0;0;0;0
Penelitian pendidikan;1;0;0;0;5;2
Media dan teknologi dalam pembelajaran;1;0;0;0;0;0
Media instruksional edukatif;1;0;0;0;0;0
Metode & model- model pembelajaran;1;0;0;0;0;0
Model pembelajaran kooperatif implementasi di sd;1;0;0;0;0;1
PRAGMATIK;1;1;4;3;2;0
Pragmatik kesantunana imperatif bahasa indonesia;1;0;1;0;2;0
Manajemen Sumber Daya Manusia;1;2;1;1;5;0
Manajemen sumber daya manusia suatu pendekatan fungsional teoritis dan aplikatif;1;0;0;0;0;0
Analisis Laporan Keuangan;1;0;1;0;0;0
Metodologi penelitian kualitatif membantu peneliti dan mahasiswa;1;1;0;1;3;1
Metode penelitian kuantitatif dan kualitatif teori, penerapan dan riset nyata;1;1;1;1;2;0
METODOLOGI PENELITIAN KUALITATIF Untuk Ilmu-Ilmu Sosial;1;0;0;0;0;0
Metodologi penelitian bisnis dilengkapi contoh hasil-hasil penelitian;1;0;0;0;0;0
Metodologi Penelitian Kuantitatif : Ekonomi, Sosiologi, Komunikasi, Administrasi, Pertanian dan Lainnya;1;1;1;1;1;0
Teori sosiologi modern Edisi Keenam;1;0;0;0;0;1
Metode Penelitian Kuantitatif : Pengembangan Hipotesis dan Pengujiannya Menggunakan SmartPLS;1;1;0;0;0;0
Partial least square (PLS);1;0;1;0;0;0
Seikatsu Kaize Reformasi pola hidup jepang: panduan menjadi masyarakat unggul dan modern;1;0;0;0;0;0
Hukum Perlindungan Konsumen;2;0;0;0;0;0
Metode penelitian pendidikan;1;0;8;0;0;1
OTONOMI DAERAH & DAERAH OTONOM;2;0;0;0;0;0
Pemberdayaan masyarakat di era global;1;0;0;0;0;0
MODAL SOSIAL & PEMBANGUNAN WILAYAH;1;0;0;0;0;0
Pembangunan sosial teori & praktik;1;0;0;0;0;0
ENSIKLOPEDI SUKU BANGSA DI INDONESIA;1;0;0;0;0;0
MENULIS ARTIKEL&KARYA ILMIAH;1;0;0;1;0;0
Membuat skripsi, tesis, dan disertasi dengan partial least square SEM (PLS-SEM);1;0;0;0;0;0
Bimbingan menulis skripsi thesis;1;0;0;0;0;0
Dasar-Dasar Metodologi Penelitian;1;1;0;0;0;0
Metodologi penelitian bisnis & ekonomi;1;0;0;0;0;0
Pulang pergi;0;2;5;1;7;1
PENGAJARAN MORFOLOGI;0;3;1;0;0;0
Evaluasi Pembelajaran;0;3;8;2;6;2
Psikologi Pendidikan;0;1;1;0;0;0
Dasar-Dasar Evaluasi Pendidikan;0;1;0;0;0;0
Perang siasat kimia praktis;0;1;1;0;0;0
Kimia lingkungan;0;1;3;0;1;0
Pedoman kata baku & tidak baku;0;2;1;0;0;0
EYD & SEPUTAR KEBAHASAAN-INDONESIA;0;1;1;0;0;0
MATEMATIKA DASAR PERGURUAN TINGGI;0;1;0;0;0;0
EYD ejaan yang disempurnakan & seputar kebahasa-indonesiaan;0;1;1;0;0;0
Psikolinguistik;0;2;3;0;0;0
Pengajaran semantik;0;2;2;0;3;0
Pengantar statistik pendidikan;0;3;2;1;0;0
Psikolinguistik kajian teoretik;0;2;0;0;0;0
BIOLOGI JILID 1;0;2;0;0;0;0
Statistik pendidikan;0;1;1;0;0;0
Quantum learning;0;2;1;0;0;0
Cliffs quick review aljabar I;0;4;2;0;0;0
Love yourself menjadi biasa-biasa itu tidak apa-apa;0;2;0;0;1;0
Aljabar dan Kalkulus;0;2;2;1;0;0
Pengantar statistika;0;7;2;0;0;0
Geometri analitik;0;1;3;1;0;0
STATISTIK TEORI DAN APLIKASI JILID 1 EDISI KELIMA;0;1;1;0;0;0
Ilmu statistika;0;1;0;0;0;0
Trik no,1 otodidak pintar percakapan bahasa inggris;0;1;0;0;0;0
Cliffs toefl preparation guide;0;2;1;0;1;0
Manajemen pendidikan;0;4;4;0;0;0
Etika itu keren membudayakan etika dalam profesi;0;1;0;0;0;0
Etika politik prinsip moral dasar kenegaraan modern;0;1;0;0;0;0
Panduan Komplet Menulis Kreatif;0;1;0;0;0;0
Alquran dan sains;0;1;0;0;0;0
Statistik Jilid 1;0;1;1;0;0;0
TEORI DAN PRATIK PENELITIAN KUANTITATIF KUALITATIF;0;1;1;0;0;0
Metode penelitian & pengembangan research and development untuk bidang pendidikan, manajemen, sosial, teknik;0;1;0;1;2;1
Dasar-Dasar Dan Perancangan Evaluasi Pembelajaran;0;1;0;0;0;0
Dasar-dasar perancangan dan evaluasi pembelajaran ed,2;0;1;0;0;0;0
Evaluasi dan asesmen pembelajaran;0;1;3;0;2;1
Instrumen perangkat pembelajaran;0;1;0;0;0;0
Menulis Artikel Ilmiah Yang Komunikatif : Strategi Menebus Jurnal Akademik Bereputasi;0;1;0;0;0;0
Dasar-Dasar Statistika;0;3;2;0;0;0
MEMBACA SEBAGAI SUATU KETERAMPILAN BERBAHASA;0;2;1;0;0;0
Ilmu Jalanan : ilmu kesuksesan yang tidak ada di kurikulum dan buku pelajaran;0;1;0;0;0;0
metodologi penelitian sastra Epistemologi, model, teori dan aplikasi;0;1;1;0;1;1
Bahasa indonesia untuk perguruan tinggi;0;5;6;0;0;0
Eyd Ejaan Bahasa Indonesia Yang disempurnakan terbaru Untuk SMP,SMA, Mahasisw & Umum;0;1;0;0;0;0
LINGUISTIK;0;3;0;0;1;0
1 jam mahir menguasai grammar;0;1;0;0;0;0
30 HARI KUASAI BAHASA INGGRIS;0;1;0;0;0;0
INTERMEDIATE GRAMMAR PE1106;0;1;0;0;0;0
Analisis Wacana teori & metode;0;3;2;0;0;0
cara mudah menguasai toefl;0;1;0;0;1;0
Pembelajaran literasi;0;1;0;0;0;0
Belajar dan pembelajaran sains;0;1;3;1;0;0
Mahika;0;1;1;0;4;2
"Stop menjadi manusia
! mainstream";0;1;0;0;0;0
Linguistik umum;0;2;2;0;3;0
Sejarah pendidikan Islam;0;2;0;0;0;0
Al-islam pendidikan agama islam;0;2;2;0;0;2
Janji;0;1;2;0;1;0
A thousand stars for nathan;0;1;1;1;1;0
ANTARA ISLAM DAN BARAT;0;1;0;0;0;0
Jati diri Wanita Muslimah;0;1;0;0;0;0
APLIKASI ANALISIS MULTIVARIATE DENGAN PROGRAM IBM SPSS 25 ED,9;0;1;0;0;0;0
Nightmores for death cant be stopped until you die;0;1;0;0;0;1
hukum bisnis prinsip dan pelaksanaannya diindonesia;0;1;5;0;1;0
Hukum Bisnis untuk Perusahaan;0;1;14;0;3;2
Pendidikan agama islam;0;5;2;0;0;1
Pendidikan agama islam untuk perguruan tinggi;0;3;1;0;0;1
PENDIDIKAN AGAMA ISLAM BERBASIS KARAKTER;0;1;0;0;0;1
Gunung dan sungai dalam alquran;0;1;0;0;0;0
MKDU Dasar-dasar pendidikan Agama Islam;0;1;0;0;0;0
Mengenal islam;0;2;0;0;0;2
True islam;0;1;0;0;0;0
Laut & Air Dalam Al- Quran;0;1;0;0;0;0
TAFSIR TARBAWI;0;1;0;0;0;0
Dasar-dasar ilmu pendidikan islam;0;1;0;0;0;0
ALAT ANALISIS DATA;0;1;3;0;0;0
Manajemen keuangan;0;1;2;0;0;1
Metodologi penelitian panduan lengkap penelitian dengan mudah;0;2;1;0;0;0
pengantar ilmu ekonomi makro;0;1;13;11;9;16
Akuntansi manajemen edisi 3 revisi;0;2;21;12;18;14
Akuntansi keuangan lanjutan (perspektif Indonesia) buku 2;0;2;5;3;3;3
Cara sehat investasi di pasar modal;0;1;0;0;0;0
Tanggung Jawab Sosial Perusahaan;0;1;0;0;0;0
Research methods for business metodologi penelitian untuk bisnis buku 2 ed,4;0;1;0;0;0;0
Metodologi riset bisnis;0;1;0;0;0;0
Metodologi penelitian;0;2;3;1;1;0
Metodologi Penelitian Bisnis : Lengkap Dengan Teknik Pengolahan Data SPSS;0;1;0;0;0;0
METODOLOGI PENELITIAN BISNIS UNTUK AKUNTANSI DAN MANAJEMEN;0;1;0;0;0;0
"METODOLOGI PENELITIAN KUALITATIF Untuk
Ilmu-Ilmu Sosial";0;1;0;0;0;0
Omnibus law dan penerapannya di indonesia;0;1;0;0;0;0
Perpajakan;0;1;0;0;0;0
Hukum Agraria Kajian Komprehensif;0;2;0;0;0;0
ILMU PERUNDANG- UNDANGAN;0;1;0;0;0;0
Hukum agraria;0;1;1;0;0;0
Hukum acara peradilan tata usaha;0;1;0;0;0;0
Geografi politik;0;1;0;0;0;0
Hukum administrasi negara;0;4;15;9;3;5
Hukum pajak;0;3;3;0;0;0
KUHP kitab undang undang hukum pidana;0;7;6;0;0;0
Politik global dalam teori dan praktik edisi 3;0;1;0;0;0;0
Dinamika sistem politik indonesia;0;1;3;0;0;0
KUHAP dan KUHP;0;5;3;0;2;0
The mind of the leader;0;1;0;0;0;0
HUKUM TATA NEGARA INDONESIA;0;1;6;0;0;0
Hukum tata negara Indonesia pemikiran dan pandangan;0;1;0;0;0;0
3 Kitab undang- undang hukum KUHPER KUHP KUHAP;0;1;0;0;0;0
KUHP (Kitab Undang- Undang Hukum Pidana);0;2;0;0;0;0
KUHP KITAB UNDANG-UNDANG HUKUM PIDANA;0;1;0;0;0;0
Pengantar Hukum Pajak;0;1;1;0;0;0
SOSIOLOGI POLITIK;0;1;1;0;0;0
Teori perilaku dan budaya organisasi;0;2;0;0;0;0
PEMBARUAN HUKUM PAJAK;0;1;0;0;0;0
Metode penelitian administrasi publik;0;1;0;0;0;0
FIND YOUR WHY;0;1;0;1;0;0
On emotional intelligence;0;1;0;0;0;0
DASAR-DASAR HUBUNGAN INTERNASIONAL;0;2;0;0;0;0
Masalah sosial dan upaya pemecahannya;0;1;0;0;0;0
to be a great leader;0;1;0;0;0;0
Politik muka dua;0;1;0;0;0;0
Fisika untuk sains dan teknik jilid 2;0;1;0;0;0;0
Kepemimpinan;0;1;0;0;0;0
Dinamika Kelompok: Latihan Kepemimpinan Pendidikan;0;1;0;0;0;0
Perilalku organisasi;0;1;0;0;0;0
UNDANG UNDANG TENTANG 4 HUKUM REPUBLIK INDONESIA;0;1;0;0;0;0
Pengantar Sosiologi Politik;0;2;1;0;0;0
Dasar-dasar Ilmu Organisasi;0;2;0;0;0;0
Filsafat untuk kehidupan mengembangkan akal sehat dan nurani untuk kehidupan;0;1;0;0;0;0
Diplomasi perbatasan konsep dan praktik di Indonesia;0;1;1;0;0;0
Pemimpin dan kepemimpinan;0;1;0;0;0;0
PENGANTAR HUKUM KETENAGAKERJAAN;0;1;0;0;0;0
Perpajakan edisi terbaru 2018;0;1;0;0;0;0
Hukum Acara Perdata Lengkap & Praktis;0;1;1;0;0;1
Hukum Acara Pidana: Suatu Pengantar;0;1;0;0;0;0
Akuntansi manajerial ed,14 bku 1;0;1;0;0;0;0
Managerial accounting;0;1;10;1;0;0
Manajemen Investasi Pendekatan Teknikal dan Fundamental untuk analisis saham;0;1;0;0;0;0
Manajemen investasi teori dan soal jawab;0;1;0;0;0;0
Logika algoritma & desain pemrograman: berbasis C-Chil;0;1;0;0;0;0
Algoritma dan Pemograman dalam bahasa pascal dan C edisi revisi;0;1;0;0;0;0
Konsep dasar algoritma pemrograman;0;1;0;0;0;0
Matematika dasar;0;1;0;0;0;0
Mathematics undercover;0;1;3;2;0;0
KURSUS SINGKAT PERCAKAPAN BAHASA INGGRIS;0;1;0;0;0;0
"Pocket Book Grammar
: Rahasia Menguasai Bahasa Inggris Dari Nol";0;1;0;0;0;0
Practice exercises for the toefl;0;1;0;0;0;0
Akuntansi pajak;0;1;6;1;0;1
Akuntansi Manajerial Accounting Managerial;0;1;4;4;3;0
AKUNTANSI MANAJEMEN;0;1;35;4;7;1
Akuntansi manajemen edisi 3;0;1;0;0;0;0
PRINSIP-PRINSIP RISET OPERASI;0;1;0;0;0;0
PENGANTAR RISET OPERASI EDISI 3;0;1;11;7;5;5
HBR'S 10 must reads on leadership;0;1;0;0;0;0
Jagad melayu dalam lintasan budaya di Riau;0;0;1;0;0;0
Pengantar bisnis;0;0;9;9;7;5
Hukum tata negara sejarah, teori, dan dinamika ketatanegaraan di Indonesia;0;0;2;0;0;0
Hukum tata negara;0;0;4;0;0;0
Akuntansi keuangan intermediate financial reporting buku 2;0;0;2;0;0;0
Pengantar ilmu ekonomi makro( teori & soal );0;0;11;12;18;15
Pengantar ekonomi makro tinjauan ekonomi syariah;0;0;3;1;1;2
Makroekonomi : Teori Pengantar Edisi Ketiga;0;0;18;11;14;15
Principles of economics pengantar ekonomi makro;0;0;8;5;4;6
Kalkulus Jilid 1 Edisi 9;0;0;1;1;0;0
Politik hukum tata hukum Indonesia;0;0;1;0;0;0
Kekuasaan politik dan kebudayaan;0;0;1;0;0;0
Public policy pengantar teori dan praktik analisis kebijakan;0;0;1;0;0;0
PENGANTAR ILMU HUKUM TATA NEGARA;0;0;1;0;0;1
Dasar-dasar akuntansi jilid 2;0;0;12;8;0;0
Akuntansi sektor publik;0;0;37;15;8;2
AKUNTANSI SEKTOR PUBLIK: Suatu Pengantar;0;0;6;1;2;1
Teori ekonomi mikro suatu pengantar;0;0;9;4;4;4
Teori ekonomi makro suatu pengantar;0;0;6;3;4;3
Akuntansi sektor publik di indonesia;0;0;2;1;1;0
Pengantar Sosiologi Pendidikan;0;0;1;0;0;0
MANAJEMEN STRATEGIS;0;0;1;0;0;0
Akuntansi manajemen informasi untuk pengambilan keputusan strategis;0;0;9;5;0;0
UUD RI 1945 sebelum dan setelah amandemen;0;0;1;0;0;1
Hukum Tata Negara dan Hukum Administrasi Negara dalam Perspektif Siyasah;0;0;2;0;0;0
Latihan Ujian: Hukum Pidana;0;0;2;0;0;0
Pengantar Teori Ekonomi;0;0;7;0;5;12
pengantar ilmu ekonomi;0;0;1;1;0;2
Teknik membaca;0;0;1;0;1;0
Dasar-Dasar Hukum Pidana;0;0;1;0;0;1
Pengantar sosiologi;0;0;4;6;0;1
Hukum administrasi;0;0;4;5;0;0
Learning english;0;0;1;0;0;0
CARA CEPAT MENGUASAI GRAMMAR TANPA RIBET;0;0;3;0;0;0
Pengantar bisnis: konsep, strategi & kasus;0;0;2;0;0;0
Etika bisnis dan profesi;0;0;11;10;7;7
Etika Bisnis;0;0;5;5;5;3
PENGAJARAN WACANA;0;0;1;0;0;0
Pengantar bisnis teori dan contoh kasus;0;0;2;0;0;0
Pengantar Praktis Akuntansi;0;0;1;0;0;0
Etika Profesi Berbagai Bidang;0;0;1;0;0;0
AKUNTANSI KEUANGAN INTERMEDIATE ACCOUNTING;0;0;1;1;0;0
AKUNTANSI MANAJEMEN SISTEM PROSES DAN PEMECAHAN SOSIAL;0;0;8;1;1;2
Kurikulum dan pembelajaran;0;0;12;2;0;0
IMPLEMENTASI KURIKULUM 2004;0;0;2;0;0;0
Perencanaan Dan Pengembangan Kurikulum;0;0;3;0;0;0
Tanya jawab pengembangan kurikulum & materi pembelajaran;0;0;1;0;0;0
ECONOMICS PENGANTAR MIKRO DAN MAKRO;0;0;3;2;0;2
TEORI DAN METODE DALAM ILMU POLITIK;0;0;1;0;0;0
PERKEMBANGAN HUKUM ADAT INDONESIA;0;0;1;0;0;0
HUKUM BISNIS;0;0;14;1;2;0
Berjuta rasanya;0;0;3;0;2;1
EKONOMI MATEMATIKA BISNIS;0;0;6;4;1;1
Kepemimpinan sejarah, teori, dan implementasinya pada pengusaha kecil;0;0;1;0;0;0
Kepemimpinan teori dan praktik, edisi keenam;0;0;1;0;0;0
Penyalin cahaya sebuah novel adaptasi;0;0;2;0;0;0
Manajemen edisi 2;0;0;2;0;0;0
Perpajakan Teori dan Teknis Perhitungan;0;0;7;0;0;0
PENGANTAR ILMU EKONOMI EDISI 3;0;0;5;7;3;5
Makroekonomi;0;0;11;3;3;6
Etika bisnis bagi pelaku bisnis;0;0;9;9;7;5
The Essence Of Business Ethics (Etika Bisnis);0;0;1;1;1;0
Ekonomika Makro Edisi Revis;0;0;8;9;8;5
Akuntansi pengantar 1;0;0;3;0;0;0
Bisnis pengantar konsep, strategi, & kasus;0;0;6;0;0;5
Teori kajian sastra kritis : perspektif tokoh sastra di indonesia;0;0;1;0;0;0
Teori sastra sepanjang zaman : tokoh, konsep, dan aplikasi;0;0;1;0;0;0
Merencanakan Pembelajaran Kimia Di Sekolah : Berbasis Hasil Riset Pengembangan;0;0;1;0;0;0
Rahasia jadi guru favorit-inspiratif;0;0;1;0;1;0
Perencanaa pembelajaran;0;0;1;0;0;0
METODE PENELITIAN SASTRA;0;0;1;0;0;0
PSIKOLOGI SASTRA;0;0;3;1;1;1
MENULIS;0;0;1;1;0;0
Metode & teknik menyusun proposal penelitian;0;0;1;0;1;0
Metode penelitian pendidikan & pengembangan;0;0;1;0;0;0
Pengantar Ilmu Politik;0;0;1;0;0;0
Ekonomi Makro;0;0;11;9;8;6
Ekonomi makro pengantar;0;0;3;3;1;1
Kamus istilah keuangan & akuntansi;0;0;1;0;0;0
Makro ekonomi : aplikasi untuk indonesia;0;0;3;3;3;5
Analisis wacana kajian teoritis dan praktis ed.2;0;0;1;1;1;0
Mudah menguasai SPSS;0;0;1;0;0;0
Akuntansi manajemen : alat pengukuran dan pengambilan keputusan manajerial;0;0;7;4;6;4
Akuntansi manajemen biaya sebuah pengantar;0;0;5;1;2;0
Auditing jilid 1;0;0;5;8;5;5
akuntansi manajemen ed. 3;0;0;2;1;0;0
Akuntansi manajemen jilid 2;0;0;9;7;8;1
Akuntansi manajemen jil.1;0;0;16;8;2;0
AKUNTANSI KEUANGAN;0;0;7;0;0;2
Perpajakan Revisi 2008;0;0;1;0;0;0
Akuntansi perpajakan;0;0;22;6;4;1
AKUNTANSI PAJAK ED.2;0;0;12;3;0;1
Manajemen Strategis Buku 2;0;0;1;0;0;0
Sosiologi;0;0;2;1;0;0
Sosiologi konsep dan teori;0;0;1;0;0;0
Stranger than fanfiction;0;0;1;0;0;0
The seagul reader stries;0;0;1;0;0;0
Akuntansi manajemen pendekatan studi kasus;0;0;4;1;2;2
Ancangan Simiotika dan Pekajian Susastra;0;0;1;0;0;0
Teori dan aplikasi semiotik michael riffaterre;0;0;1;1;0;0
Pengantar Semiotika;0;0;1;1;0;0
Teori sastra sepanjang zaman : tokoh, konsep dan aplikasi;0;0;1;0;0;0
Metodologi penelitian kebudayaan;0;0;1;0;0;0
SEMIOTIKA KAMUNIKASI APLIKASI PRAKTIS BAGI PENELITIAN DAN SKRIPSI KOMUNIKASI;0;0;1;0;1;0
ACCOUNTING PENGANTAR AKUNTANSI BUKU 2;0;0;2;0;0;0
Si anak savana;0;0;3;1;2;1
Sagaras;0;0;3;0;2;3
new york times bestselling series;0;0;2;0;1;1
AKUNTASI PAJAK;0;0;3;0;0;0
Akuntansi pajak ed.6;0;0;6;1;1;0
Akuntansi manajerial ed.14 bku 1;0;0;6;5;2;0
Manajemen operasional;0;0;2;0;1;0
KUHAP Lengkap;0;0;1;0;0;0
Akuntansi Jilid 2;0;0;2;0;0;0
Akuntansi keuangan intermediate accounting buku 1;0;0;1;0;0;0
Surat batak;0;0;1;0;0;0
detik-detik proklamasi saat-saat menegangkan menjelang kemerdekaan republik;0;0;1;0;0;0
Psikologi sosial;0;0;1;0;0;0
HIMPUNAN LENGKAP UNDANG-UNDANG PPH;0;0;1;0;0;0
Pengantar hukum pajak - Edisi terbaru;0;0;2;0;2;0
Structural Equation Modeling: Data Kuesioner;0;0;1;0;0;0
Akuntansi perpajakan ed.2;0;0;6;4;7;3
Pemrograman komputer;0;0;2;0;0;0
Metodologi Penelitian Sosiologi Sastra;0;0;1;0;1;0
Pemahaman seputar hukum waris adat di Indonesia;0;0;1;0;0;0
Seni berkata tidak;0;0;2;2;0;0
Morfologi;0;0;10;0;2;1
Morfologi bahasa indonesia;0;0;2;1;0;0
KAJIAN MORFOLOGI;0;0;2;0;0;0
Tak masalah menjadi orang yang berbeda it's okay you're just diffrent;0;0;1;0;1;0
Dasar-dasar evaluasi pendidikan ED.2;0;0;2;0;1;0
Balada Gimpul (novel);0;0;2;0;0;0
Etika bisnis dasar dan aplikasinya;0;0;1;0;0;0
Komunikasi bisnis;0;0;1;0;0;0
Akuntansi keuangan profesional kelola liabilitas dan ekuitas;0;0;1;0;0;0
PENGANTAR BISNIS EDISI 8 BUKU 2;0;0;1;0;0;0
Geometri analitik pada ruang dimensi dua;0;0;2;0;0;0
Ekonomi kelembagaan;0;0;5;0;0;0
English Skills Booster Grammar Tenses Vocabulary Conversation : Modul Komplet Untuk Latihan Autodidak Bahasa Inggris;0;0;2;1;2;0
Cara mudah kuasai grammar;0;0;3;1;2;0
Akuntansi keuangan menengah berbasis PSAK BUKU 2;0;0;2;0;0;0
Teori, konsep dan aplikasi Akuntansi sektor publik;0;0;4;2;0;1
Akuntansi sektor publik edisi terbaru;0;0;1;0;0;1
Akuntansi suatu pengantar revisi;0;0;1;0;0;0
Dua Dini Hari;0;0;1;0;0;1
Akuntansi keuangan : pemahaman perhitungan dan pencatatan akuntansi keuangan;0;0;8;0;0;2
Akuntansi manajerial : Managerial Accounting, edisi 11;0;0;1;1;0;1
Akuntansi manajerial suatu orientasi praktis;0;0;2;3;1;0
Akuntansi manajemen untuk usahanya;0;0;2;0;0;0
Belajar grammar untuk pemula;0;0;2;0;0;0
EYD & kaidah bahasa indonesia;0;0;2;0;0;0
AKUNTANSI MANAJEMEN TEORI DAN APLIKASI;0;0;11;5;3;1
akuntasi manajemen : sistem, proses,dan pemecahan soal;0;0;1;0;0;0
Rumus-rumus cepat matematika sma;0;0;1;1;0;0
AKUNTANSI  KEUANGAN DASAR 1 Teori dan kasus;0;0;6;0;0;1
Pukat;0;0;1;0;1;0
Statistika penelitian;0;0;6;0;0;2
Aku sadar, aku gila;0;0;1;0;0;0
KOMPISISI BAHASA INDONESIA REVISI 4;0;0;5;0;0;0
Komposisi Bahasa Indonesia;0;0;2;0;0;0
Bungkam suara sebuah novel;0;0;1;0;2;0
Pada sebuah kapal;0;0;1;0;1;0
Rindu;0;0;2;0;1;1
Analisis laporan keuangan buku 1;0;0;2;0;0;0
ILMU POLITIK;0;0;1;0;0;0
Sistem politik Indonesia;0;0;4;0;0;0
Auditing buku 1;0;0;3;6;0;1
Auditing buku 2;0;0;2;5;2;1
Kurikulum tingkat satuan pendidikan;0;0;1;0;0;0
Dasar-dasar akuntansi jilid 1;0;0;2;0;1;0
ILMU MAKRO EKONOMI;0;0;1;1;0;0
PENGANTAR EKONOMIKA MAKRO;0;0;1;1;1;0
THE GENESIS OF MACROECONOMICS;0;0;1;1;1;0
Akuntansi keuangan menengah 1;0;0;1;0;0;0
Akuntansi lingkungan & pengungkapannya;0;0;1;0;1;0
Akuntansi Manajemen Lingkungan;0;0;1;0;0;0
KITAB UNDANG UNDANG HUKUM PERDATA;0;0;3;0;1;0
Pengantar etika bisnis;0;0;1;0;1;0
ETIKA BISNIS EDISI 5;0;0;5;2;1;0
Etika;0;0;1;0;1;0
Pratikum audit Buku 1 Edisi 3;0;0;2;1;0;0
KItab Undang-undang Hukum Perdata;0;0;6;0;0;0
3 Kitab undang-undang hukum KUHPER KUHP KUHAP;0;0;2;0;4;0
Paradigma Baru Pendidikan Kewarganegaraan : Panduan Kuliah di Perguruan Tinggi;0;0;1;0;1;0
Ilmu pemerintahan;0;0;2;0;0;0
Morfologi bahasa indonesia pendekatan proses;0;0;9;0;1;0
Morfologi suatu tinjauan deskriptif;0;0;1;0;1;0
Dasar-dasar pengembangan kurikulum;0;0;2;0;0;0
Pengembangan implementasi kurikulum 2013;0;0;2;1;7;0
AKUNTANSI BIAYA TINGKAT LANJUT KAJIAN TEORI DAN APLIKASI;0;0;1;0;0;0
Tata bahasa praktis bahasa indonesia;0;0;2;0;0;0
Tata bahasa baku bahasa indonesia;0;0;2;0;0;0
BERBAHASA INDONESIA YANG BAIK DAN BENAR;0;0;2;0;0;0
Teori tawa dan cara-cara melucu lainnya;0;0;2;0;0;2
Story of the future;0;0;2;0;0;2
Si anak spesial;0;0;1;1;1;1
Life is short, make it great hidup ini singkat jangan dibuat berat;0;0;1;0;0;0
Analisis data dengan statistika nonparametrik;0;0;2;0;0;0
ECONOMICS PENGANTAR MIKRO DAN MAKRO EDISI 5;0;0;3;5;4;3
Seni bijak berbicara refleksi untuk selalu berucap baik dan bermanfaat;0;0;1;0;1;0
Pengantar ekonomi makro;0;0;2;2;1;0
Pengantar ekonomi makro edisi 7;0;0;1;2;2;1
Pengantar ilmu ekonomi makro & mikro;0;0;1;1;0;2
Warren reeve fess accounting pengantar akuntansi buku satu;0;0;1;0;0;1
BANTUAN HUKUM BUKAN HAK YANG DIBERI;0;0;1;0;0;0
ekonomi makro islami;0;0;1;0;0;2
Auditing : pendekatan sektor publik dan privat;0;0;2;3;0;0
Auditing : teori dan praktik dasar pemeriksaan akuntan publik;0;0;1;1;0;1
Auditing dan Pelayanan Verifikasi Pendekatan Terpadu Ed 9;0;0;2;1;0;1
Hukum Bisnis Pasar Modal;0;0;4;0;0;0
Makro ekonomi Indonesia;0;0;2;3;2;1
Metode linguistik;0;0;1;0;1;1
PENGAJARAN PRAGMATIK;0;0;2;1;5;0
KUHP (Kitab Undang-Undang Hukum Pidana);0;0;1;0;0;0
KUHD (Kitab Undang-Undang Hukum Dagang);0;0;1;0;1;0
Business ethics etika bisnis;0;0;5;4;4;3
METODOLOGI PENELITIAN BISNIS DAN EKONOMI PENDEKATAN KUANTITATIF;0;0;1;0;1;0
Manajemen Sekolah;0;0;1;0;0;0
Pengantar manajemen pendidikan di sekolah;0;0;1;0;0;0
TEORI DAN APLIKASI MANAJEMEN PENDIDIKAN;0;0;1;0;0;0
Mencari keadilan pandangan ktitis terhadap penegakkan hukum di Indonesia;0;0;1;0;0;0
Pengantar ilmu hukum;0;0;3;0;0;0
Teori hubungan internasional dari perspektif klasik sampai non-barat;0;0;1;0;0;1
Pengantar ilmu ekonomi edisi ke 3;0;0;2;1;0;1
Menunggu itu ada seninya;0;0;1;1;0;0
Hukum perdata indonesia;0;0;3;2;0;0
Sosiologi hukum;0;0;1;1;0;0
Manajemen  penilaian kinerja karyawan;0;0;1;0;0;0
Laut bercerita;0;0;2;2;2;0
Mataraisa;0;0;1;0;1;1
Majnun;0;0;1;0;0;2
Kewirausahaan buku ajar untuk mahasiswa;0;0;1;0;0;0
Lavender;0;0;2;0;0;1
MANAJEMEN KURIKULUM;0;0;1;0;0;0
Belajar & pembelajaran;0;0;1;0;3;0
STATISTIK PENELITIAN STUDI KASUS PENELITIAN MENGGUNAKAN SPSS;0;0;1;0;0;0
Akuntansi Manajemen Kumpulan Soal dan Pembahasannya;0;0;1;0;0;0
Senjata hebat para introver hal-hal yang dianggap;0;0;1;0;2;1
Auditing Suaru Pendekatan Terpadu Edisi 4 Jilid 1;0;0;1;1;0;0
Metodologi penelitian kuantitatif;0;0;1;0;0;0
Akuntansi pajak sesuai dengan undang-undang pajak baru;0;0;5;0;0;0
MENYIMAK SEBAGAI SUATU KETERAMPILAN BERBAHASA;0;0;7;0;1;0
fonologi bahasa indonesia tinjauan dekriptif sistem bunyi bahasa indonesia;0;0;7;0;0;0
Mereka bukan anakku jalinan kasih yang tersisih;0;0;2;0;0;0
Dasar-dasar kurikulum bahasa;0;0;3;0;0;0
Untuk dibaca saat diri merasa gagal;0;0;1;0;0;0
Pengembangan kurikulum pendidikan : teknologi dan kejujuran;0;0;3;0;0;0
Akuntansi Pajak Lanjutan;0;0;3;0;0;0
Agama Seni;0;0;1;0;0;0
MANTRA KEHIDUPAN;0;0;1;0;0;1
Pembebasan perempuan;0;0;1;0;0;0
Patah untuk tumbuh;0;0;1;0;0;0
Moga bunda disayang allah;0;0;4;1;1;0
Matahari minor;0;0;1;0;3;1
Biologi Jilid 1 Edisi 8;0;0;1;0;0;0
Pergulatan Ideologi Partai Politik di Indonesia;0;0;1;0;0;0
Auditing Suatu Pendekatan Terpadu Jilid 1;0;0;6;3;0;0
Mereka bilang aku kemlinthi;0;0;2;1;0;0
Auditing Konsep dasar dan pedoman pemeriksaan akuntansi publik;0;0;3;4;5;5
Asas-asas linguistik umum;0;0;1;0;0;0
Pengembangan kurikulum baru;0;0;1;0;0;0
Lehninger Jilid 1;0;0;1;0;0;0
Dasar-dasar biokomia;0;0;1;0;0;0
Akuntansi Manajemen untuk perencanaan, pengendalian dan pengembilan keputusan;0;0;1;1;1;0
Akuntansi managemen sebuah pengantar;0;0;2;1;0;0
administrasi pendidikan;0;0;1;0;0;0
Supervisi pendidikan dan pembelajaran;0;0;1;0;0;0
Pemikiran politik barat;0;0;1;0;0;0
STRATEGI BELAJAR MENGAJAR;0;0;3;0;2;4
Strategi belajar mengajar di kelas;0;0;2;0;3;2
Edensor;0;0;1;0;0;0
Awan;0;0;1;0;0;0
Bintang anak tuhan;0;0;1;0;1;0
Langit dan bumi sahabat kami;0;0;1;0;0;0
Akuntansi sektor publik organisasi non laba EDISI 2;0;0;3;0;2;3
Mendesain model pembelajaran inovatif, progresif, dan kontekstual;0;0;1;0;0;0
MENULIS UNTUK DIBACA: FEATURE&KOLOM;0;0;1;1;1;0
Analisis data statistik : sebuah pendekatan praktis pengolahan statistik bermuatan karakter;0;0;4;0;0;0
Pokok-pokok materi statistik 2 ( statistik infrensif);0;0;3;0;0;0
Akuntansi manajemen untuk hotel dan restoran;0;0;1;0;0;0
AKUNTANSI BIAYA EDISI 3;0;0;2;0;1;0
Evaluasi kurikulum;0;0;1;0;0;0
Kimia dasar konsep-konsep inti jilid 2;0;0;3;0;0;0
Kimia dasar konsep-konsep inti;0;0;6;0;0;0
Kimia dasar;0;0;1;0;0;0
AUDITING;0;0;5;5;1;1
AKUNTANSI MANAJEMEN EDISI 4 JILID 2;0;0;1;1;1;2
KUMPULAN RUMUS KIMIA SMA;0;0;1;0;0;0
Akuntansi Manajemen Perusahaan Jasa;0;0;2;0;0;0
HUKUM ACARA PERDATA EDISI KELIMA;0;0;4;1;1;0
akuntasi sektor publik;0;0;1;1;1;1
Etika Bisnis dan Implemantasinya;0;0;1;0;0;0
Today's business ethics;0;0;1;0;1;0
Akuntansi keuangan intermediate financial reporting buku 1;0;0;1;1;0;0
akuntansi keuangan versi IFRS+;0;0;1;0;1;0
Sejarah hukum suatu pengantar;0;0;1;0;0;0
Sepotong hati yang baru;0;0;1;1;2;1
Sistem informasi akuntansi teori dan desain;0;0;1;0;0;0
SISTEM INFORMASI AKUNTANSI;0;0;1;0;0;0
SISTEM AKUNTANSI;0;0;1;1;0;0
Tears of salt;0;0;1;0;0;1
9 Things successful people do differently;0;0;1;0;0;0
A fierce heart;0;0;1;0;0;1
De journal sebuah novel tentang seorang backpaker wanita keliling dunia Edisi 2;0;0;1;0;1;0
Pengajaran gaya bahasa;0;0;1;0;0;0
Diksi dan Gaya Bahasa;0;0;1;0;2;0
SEMANTIK 1;0;0;1;0;1;0
Akuntansi biaya;0;0;4;0;0;0
AKUNTANSI BIAYA BIAYA PRODUKSI;0;0;2;0;0;0
Jutaan UMKM Pahlawan pajak urus pajak itu sangat sangat mudah;0;0;2;0;0;0
Ketentuan Umum Perpajakan, Lengkap Dengan Undang-undang No.28 Tahun 2007;0;0;4;0;0;0
Konsep dasar perpajakan;0;0;2;0;0;0
Perpajakan: Teori dan Kasus buku 1;0;0;2;0;0;0
Buku Pintar Pajak;0;0;2;0;0;0
AKUNTANSI BIAYA EDISI 4;0;0;1;0;0;0
50 STRATEGI PEMBELAJARAN POPULER;0;0;1;1;1;0
AKUNTANSI PENGANTAR 2 BERBASIS SAK ETAP 2009;0;0;1;0;0;0
Akuntansi pengantar bank soal & solusi;0;0;1;0;0;0
Akuntansi jilid 1 edisi 7;0;0;1;0;0;0
Manajemen keuangan jilid 1;0;0;1;0;0;0
Otonomi dan Manajemen Keuangan Daerah;0;0;1;0;0;0
"AKUNTANSI SEKTOR
PUBLIK: Suatu Pengantar";0;0;1;0;0;0
Audit Sektor Publik;0;0;2;0;0;0
AKUNTANSI UNTUK LSM DAN PARTAI POLITIK;0;0;1;0;0;0
Hukum otonomi daerah;0;0;1;0;0;0
OTONOMI & MANAJEMEN KEUANGAN DAERAH;0;0;1;0;0;0
Stupid in love karena cinta adalah segalanya;0;0;1;0;0;0
Etika profesi keguruan;0;0;1;0;0;0
BERBAGAI CARA LATIHAN OTAK & DAYA INGAT DENGAN MENGGUNAKAN RAGAM MEDIA AUDIO VISUAL;0;0;1;0;0;0
KISAH INSPPIRATIF UNTUK SEMUA ORANG;0;0;1;0;0;0
Dari berpikir positif ke bertindak positif;0;0;1;0;0;0
Filsafat ilmu : sejarah, konsep, dan strategi pengembangan ipteks;0;0;1;0;0;0
PENDIDIKAN KEWARGANEGARAAN UNTUK PERGURUAN TINGGI;0;0;1;0;6;0
Manajemen Perbankan Edisi Revisi;0;0;1;0;0;0
Pengantar kewirausahaan untuk mahasiswa, wirausahawan, dan kalangan umum;0;0;1;0;1;1
Pemberdayaan UMKM;0;0;1;0;0;0
Pengantar Akuntansi Mananjemen Jilid 2;0;0;1;1;0;0
UU Penyelenggaraan Pemilu;0;0;1;0;0;0
Hukum keluarga islam di Indonesia;0;0;3;0;0;0
KAMUS BAHASA INDONESIA UNTUK PELAJAR;0;0;1;0;0;0
Metode penelitian manajemen;0;0;1;0;1;1
MANAJEMEN PEMASARAN SUDUT PANDANG ASIA Jilid 2;0;0;1;0;0;0
Konsep dan Aplikasi Bahasa Indonesia Untuk Perguruan Tinggi;0;0;2;0;0;1
Belajar dan Pembelajaran;0;0;1;0;0;0
Accounting- Indonesia adaptation Pengantar akuntansi adaptasi indonesia;0;0;1;0;1;1
Metodologi penelitian pendidikan;0;0;1;0;0;1
Seni bahagia menjadi introver;0;0;1;0;0;0
Brian tracy the psychology of selling : lipat gandakan penjualan anda di pasar mana pun;0;0;1;0;0;1
PERBANDINGAN SISTEM PEMERINTAHAN;0;0;1;0;0;0
KEBIJAKAN SEKTOR PUBLIK;0;0;1;0;0;0
Pedoman umum EYD dan dasar umum pembentukan istilah;0;0;2;0;0;0
Teori Akuntansi;0;0;2;4;8;0
Perencanaan pembelajaran;0;0;1;0;0;0
Dasar-dasar psikosastra;0;0;1;0;0;0
Psikologi perkembangan fungsi dan teori;0;0;1;0;0;0
Manajemen pemasaran jilid 2;0;0;1;0;0;0
Metode Penelitian Bisnis;0;0;1;1;2;0
Hukum acara pidana;0;0;2;0;0;0
KUHP KITAB UNDANG- UNDANG HUKUM PIDANA;0;0;1;0;0;0
HUKUM ACARA PERDATA;0;0;1;0;0;1
Hukum acara perdata dalam teori dan praktek;0;0;2;1;0;1
KURIKULUM&PEMBELAJARAN KOMPETENSI;0;0;2;0;0;0
Kurikulum dan Pengajaran;0;0;1;0;0;0
THE RULES OF WEALTH;0;0;1;0;0;0
Pendidikan kewarganegaraan;0;0;2;2;7;0
Akuntansi UMKM (Usaha Mikro Kecil Menengah);0;0;3;1;0;0
Komplet akuntansi untuk UKM dan waralaba;0;0;1;0;0;0
Sosiologi Ekonomi;0;0;1;0;1;1
Pengantar sosiologi ekonomi;0;0;1;0;0;0
50 Ways to ?nd a lover;0;0;1;0;0;0
Auditing suatu pendekatan terpadu Jilid 2;0;0;2;0;0;0
Pengantar akuntansi 1 pendekatan siklus akuntansi;0;0;2;0;0;0
KUHP DAN PENJELASANNYA;0;0;1;0;0;0
Akuntansi usaha kecil menengah (UKM);0;0;2;1;3;0
Kemahiran berbahasa indonesia sebagai mata kuliah wajib umum di perguruan tinggi;0;0;1;0;0;0
HUKUM ACARA PERADILAN TATA USAHA NEGARA;0;0;1;0;0;0
Peradilan tata usaha negara;0;0;1;0;0;0
Guru Ideal di Era Digital : Panduan Pemanfaatan Teknologi Untuk Guru Masa Kini;0;0;1;0;0;0
BUKU PINTAR BAHASA TUBUH UNTUK GURU;0;0;1;0;0;0
Panduan kreatif membuat bahan ajar inovatif;0;0;1;0;1;0
Pengembangan bahan ajar tematik;0;0;1;0;1;0
Statistik parametrik untuk penelitian kuantitatif;0;0;1;0;0;0
KAPITA SELEKTA SOSIOLOGI;0;0;1;0;0;0
KALKULUS DAN GEOMETRI ANALITIS ED.5 JIL 2;0;0;1;0;0;0
10 kisah genocide;0;0;1;0;0;1
Douwes Dekker : Sang Inspirator Revolusi;0;0;1;0;0;0
The greatest philosophers;0;0;1;0;1;2
Untung besar dari reksa dana;0;0;1;0;0;0
Investasi saham ala swing trader dunia;0;0;1;0;0;1
Akuntansi keuangan jilid 1;0;0;2;0;1;2
Akuntansi keuangan jilid 2;0;0;1;0;0;0
Statistika terapan dengan excel dan spss;0;0;1;0;0;0
Akuntansi keuangan lanjutan berbasis PSAK;0;0;2;0;0;0
Metodologi pengajaran bahasa 1;0;0;1;0;0;0
Praktis menyusun laporan keuangan;0;0;2;0;0;0
MEMAHAMI AKUNTANSI DASAR pendekatan teknis siklus akuntansi EDISI 3;0;0;2;0;0;0
Fisika dasar untuk mahasiswa ilmu-ilmu eksakta & teknik;0;0;1;0;0;0
Biologi jilid 3;0;0;1;0;0;0
SEJARAH MARITIM INDONESIA;0;0;2;0;0;0
KUHP DAN KUHAP;0;0;1;0;0;0
KONSEP HUKUM PERDATA;0;0;1;0;1;0
Buku Pintar UUD 1945 & Amandemen Untuk Pelajar dan Umum;0;0;1;0;0;0
Akuntansi dasar & aplikasi dalam bisnis jilid 3;0;0;1;0;0;0
Akuntansi keuangan menengah 1, ed.2;0;0;1;0;0;0
Akuntansi keuangan menengah;0;0;1;0;0;1
Metode penelitian dan statistik;0;0;1;0;0;0
Statistik Untuk Penelitian Pendidikan;0;0;1;0;0;0
Statistik;0;0;1;0;0;0
Buku ajar pengantar hukum bisnis;0;0;1;0;0;0
Inovasi Pemerintahan : Menuju Tata Kelola Pemerintahan Daerah Ideal;0;0;1;0;0;0
Hukum Perdata Islam di Indonesia;0;0;2;0;0;0
Akuntansi manajemen ( akuntansi manajerial );0;0;2;0;0;2
Seni berbicara kepada siapa saja, kapan saja, di mana saja;0;0;1;0;1;0
SPSS 24 untuk penelitian dan skripsi;0;0;2;0;0;0
Statistik jilid 2;0;0;1;0;0;0
Statistika Terapan;0;0;2;0;0;0
Statistika Untuk Ekonomi Dan Bisnis;0;0;1;0;0;0
Statistik terapan untuk penelitian ilmu sosial teori & praktik dengan IBM SPSS statistic 21;0;0;1;0;0;0
Pertumbuhan & penyelenggaraan pemerintahan desa;0;0;1;0;0;0
Ilmu bahasa Indonesia Morfologi: teori dan sejumput problematik terapannya;0;0;1;0;1;0
Negara paripurna : historisitas, rasionalitas dan aktualitas pancasila;0;0;5;0;0;0
Statistika terapan untuk penelitian;0;0;4;0;0;0
Analisis data penelitian dengan statistik;0;0;1;0;0;0
proses belajar mengajar;0;0;1;0;0;0
HUKUM PIDANA(EDISI REVISI);0;0;2;0;0;0
HUKUM PIDANA TEGUH;0;0;2;0;0;0
Analisis data penelitian dengan SPSS 22;0;0;1;0;0;0
SOLUSI PRAKTIS & MUDAH MENGUASAI SPSS 20 UNTUK PENGOLAHAN DATA;0;0;1;0;0;0
LANCAR MENGGUNAKAN SPSS UNTUK PEMULA;0;0;2;0;0;0
Pengantar teori sosiologi;0;0;2;0;0;0
Learning to live with statistics from concept to practice;0;0;1;0;0;0
Emotional intelligence kecerdasan emosional;0;0;1;0;2;0
Kalkulus lanjutan versi SI/Metrix;0;0;1;0;0;0
Bahasa indonesia;0;0;1;0;1;0
Kamus pintar sinonim antonim dan eyd ejaan yang disempurnakan indonesia;0;0;1;0;0;0
Pedoman lengkapm EYD ejaan yang disempurnakan;0;0;1;0;0;0
Panduan lengkap EYD Ejaan Yang Disempurnakan;0;0;1;0;0;0
PANDUAN CERDAS DAN LENGKAP BERBAHASA INDONESIA;0;0;1;0;0;0
Ekologi pemerintahan;0;0;1;0;0;0
HUKUM ACARA PERDATA INDONESIA;0;0;1;0;0;1
Pengantar Hukum Pajak Edisi Revisi;0;0;1;0;0;0
Hukum islam;0;0;1;0;0;0
15 Menit lancer berbahasa inggris;0;0;1;0;0;0
Dasar Pemrograman 2 : Implementasi Menggunakan Java, C++, Matlab & Pascal;0;0;1;0;0;0
Program linier dan aplikasinya pada berbagai software;0;0;2;1;0;0
Sosiologi Klasik;0;0;2;0;0;0
Kesalahan berbahasa penggunaan EYD;0;0;1;0;0;0
Hukum tata pemerintahan heteronom dan otonom;0;0;1;0;0;0
Pengantar manajemen;0;0;0;1;1;2
Pemasaran jasa prinsip penerapan penelitian;0;0;0;1;0;0
Dasar-dasar dan perencanaan evaluasi pembelajaran;0;0;0;1;0;0
Evaluasi hasil belajar;0;0;0;1;1;0
Kualitas pelayanan publik;0;0;0;1;0;1
Memahami penelitian kualitatif;0;0;0;2;5;1
Evaluasi hasil belajar matematika;0;0;0;1;3;0
Pengantar teori-teori sosial;0;0;0;1;0;0
Pengembangan bahan ajar;0;0;0;1;2;0
Strategi Dan Tahapan Mengajar;0;0;0;1;0;0
Mengenal filsafat hukum;0;0;0;1;1;0
Hukum Tata Negara Di Indonesia;0;0;0;1;0;0
Metode-metode pemisahan kimia sebuah pengantar;0;0;0;1;0;0
Senyawa Kompleks;0;0;0;1;0;1
Pengantar makroekonomi;0;0;0;2;0;0
Akuntansi keuangan lanjutan;0;0;0;1;0;1
MANAJEMEN PEMASARAN JASA;0;0;0;1;0;0
Auditing dan asurans integrated and comprehensive edition;0;0;0;1;0;0
AUDITING Norma dan Prosedur Jilid 1 Edisi 9;0;0;0;2;0;0
Globalisasi dan transformasi sosial budaya pengalaman Indonesia;0;0;0;1;0;0
Komunikasi Politik, Media, & Demokrasi;0;0;0;1;0;1
Politik era digital ed.2;0;0;0;1;0;0
Teori Akuntansi  dalam hampiran historigrafis taksonomis;0;0;0;1;0;0
Metode Penelitian;0;0;0;1;0;1
TUJUAN PENDIDIKAN ESENSI DAN ASPEK-ASPEK FILOSOFIS;0;0;0;1;0;0
Teori Belajar dan Pembelajaran;0;0;0;1;0;0
Kamus bergambar kecilku Mandarin-Indonesia dilengkapi pena bersuara;0;0;0;1;0;1
ASPEK HUKUM HAK KEKAYAAAN INTELEKTUAL;0;0;0;2;0;1
Perlindungan hak kekayaan  intelektual di era global sebuah kajian kontemporer ed.2;0;0;0;2;0;0
Pengantar ekonomi jilid 2;0;0;0;1;0;6
METODE PENELITIAN KUANTITATIF : ANALISIS ISI DAN ANALISIS DATA SEKUNDER (ED. REV);0;0;0;1;0;0
Akuntansi keuangan menengah berdasarkan SAK;0;0;0;1;0;0
ENGLISH GRAMMAR : CARA MUDAH KUASAI TATA BAHASA INGGRIS;0;0;0;1;0;0
Etika politik;0;0;0;2;0;0
Etika pemerintahan di Indonesia;0;0;0;1;0;0
Metode Penelitian Hukum;0;0;0;1;2;0
Penelitian Hukum Ed. Revisi;0;0;0;1;2;0
MEMAHAMI LAPORAN KEUANGAN;0;0;0;1;0;0
Akuntansi Suatu pengantar buku 2 edisi 5 revisi;0;0;0;1;0;0
Pengantar akuntansi berdasarkan SAK ETAP dan IFRS;0;0;0;1;0;0
Audiiting Pemeriksaan Akuntansi;0;0;0;3;0;1
Teori & praktik menulis karya tulis ilmiah;0;0;0;1;0;0
stastistik inferensi untuk ekonomi dan bisnis;0;0;0;1;0;0
The lost synbol;0;0;0;1;0;0
Liars & outliers;0;0;0;1;0;0
Ambigu kadang hanya dengan menatap aku merasa ingin menatap;0;0;0;1;0;0
Aroma Karsa;0;0;0;1;0;0
APLIKASI ANALISIS MULTIVARIATE DENGAN PROGRAM IBM SPSS 25 ED.9;0;0;0;3;0;1
Sosiologi perkotaan;0;0;0;1;0;0
Pelabuhan Perikanan;0;0;0;1;1;0
Akuntansi keuangan lanjutan buku 1;0;0;0;1;0;0
Praktikum audit seri 2 buku 1;0;0;0;1;0;0
Auditing petunjuk pembuatan kertas kerja pemeriksaan;0;0;0;1;0;0
AKUNTANSI SEKTOR PUBLIK AKUNTANSI KEUANGAN DAERAH;0;0;0;1;0;0
AKUNTANSI YAYASAN DAN LEMBAGA PUBLIK;0;0;0;1;0;0
Auditing jilid 1 ed.5;0;0;0;7;0;0
Auditing & jasa assruance pendekatan terintegrasi jilid 1 edisi 15;0;0;0;1;0;0
AUDITING DAN ASURANS;0;0;0;1;0;0
Ekonomi maritim indonesia;0;0;0;1;2;0
Memperkuat Kedaulatan Indonesia Di Laut Menuju Poros Maritim Dunia;0;0;0;1;1;0
Analisis kebijakan publik panduan praktis mengkaji masalah dan kebijakan sosial;0;0;0;1;0;0
Paradigma pengembangan maritim dan energi;0;0;0;1;0;0
Foreign policy menuju kebijakan luar negeri level 4;0;0;0;1;0;0
panduan praktis standar akuntansi keuangan;0;0;0;1;0;0
Trik no.1 otodidak pintar percakapan bahasa inggris;0;0;0;1;0;0
Akuntansi BUMDes (Badan Usaha Milik Desa);0;0;0;1;0;0
Akuntansi desa;0;0;0;1;0;2
Akuntansi Pemerintahan;0;0;0;1;0;0
Analisis obat dalam sediaan farmasi;0;0;0;1;0;0
Metodologi penelitian kuantitatif, kualitatif dan mix method ed.2;0;0;0;1;0;0
Dinamika politik di Indonesia;0;0;0;1;0;0
POLITIK GLOBAL;0;0;0;0;1;0
TIRAI MENURUN;0;0;0;1;0;0
Metode kuantitatif;0;0;0;1;0;0
Believe and acheve!;0;0;0;1;0;0
Santri pilihan bunda;0;0;0;1;2;1
Quo vadis politik luar negeri Indonesia;0;0;0;1;0;0
Kebijakan publik aktor, model dan proses;0;0;0;1;0;0
Dasar-dasar kebijakan publik;0;0;0;1;0;0
HUMAN RESOURCE MANAGEMENT;0;0;0;1;0;0
THE FIRST STUDENT CHOICE TOEFL;0;0;0;1;0;0
The 1st students choice TOEFL;0;0;0;0;0;1
Complete english grammar: tata bahasa inggris lengkap;0;0;0;1;0;0
Cara mudah budidaya rumput laut;0;0;0;1;0;0
Monitoring terumbu karang bintan;0;0;0;1;0;0
5 Practices of Execution Winner : Langkah Sukses Menerjemahkan Mimpi Pribadi dan Bisnis Anda Menjadi Realitas;0;0;0;1;0;0
akuntasi perusahaan kecil dan menengah;0;0;0;1;0;0
AKUNTANSI DASAR TEORI DAN PRAKTIK;0;0;0;1;0;0
Analisis laporan keuangan : Integrated and comprehensive edition;0;0;0;0;0;1
Menguasai Statistik parametrik : konsep dan aplikasi dengan SPSS;0;0;0;1;0;0
METODE PENELITIAN KUALITATIF;0;0;0;0;1;0
Penyelesaian Kasus Pertanahan;0;0;0;0;0;1
Buku Pintar Pemrograman MATLAB;0;0;0;1;0;0
PENGANTAR OSEANOGRAFI;0;0;0;1;0;0
Demokrasi dan pemilu di indonesia;0;0;0;0;1;0
Mengenal teori-teori politik dari sistem politik sampai korupsi;0;0;0;0;2;0
Apresiasi puisi;0;0;0;0;2;0
Metodologi penelitian hukum;0;0;0;0;1;0
Metode penelitian hukum normatif dan empiris;0;0;0;0;1;0
Hukum Pendaftaran Tanah;0;0;0;0;1;1
Etika publik untuk integritas pejabat publik dan politisi;0;0;0;0;1;0
Hukum Perbankan Nasional Indonesia;0;0;0;0;1;0
Pengantar Plmu Ekonomi Mikro Teori dan Soal;0;0;0;0;1;0
EKONOMI MIKRO ISLAMI;0;0;0;0;1;0
Paradigma Baru Pendidikan Kewarganegaraan;0;0;0;0;4;0
akuntansi koperasi;0;0;0;0;1;1
Analisis gender & transformasi sosial;0;0;0;0;1;0
Pendidikan karakter menjawab tantangan krisis multidimensional;0;0;0;0;2;0
Dasar konsep pendidikan moral;0;0;0;0;1;0
Interaksi & motivasi belajar mengajar;0;0;0;0;2;0
UUD 1945 Hasil Amandemen & Proses Amandemen UUD 1945 Secara Lengkap;0;0;0;0;1;1
Merawat tenun kebangsaan;0;0;0;0;1;0
Metodologi penelitian sosial;0;0;0;0;1;0
Metode penelitian survei;0;0;0;0;1;0
Citra dan Peran Perempuan Adonara : Pendekatan Psycho-feminism;0;0;0;0;1;0
Sosiologi gender;0;0;0;0;3;0
SOSIOLOGI KELUARGA;0;0;0;0;3;0
Hak Atas Kekayaan Intelektual;0;0;0;0;1;0
PENGANTAR HUKUM PERUSAHAAN;0;0;0;0;1;0
Undang-undang perseroan terbatas 2007 dan penjelasannya;0;0;0;0;1;0
Undang-undang haki : hak atas kekayaan intelektual;0;0;0;0;2;0
Hukum acara perdata dengan pemahaman hukum materiil;0;0;0;0;1;0
Sertifikat hak atas tanah;0;0;0;0;1;0
Politik hukum agraria;0;0;0;0;1;0
Metodolgi penelitian kualitatif;0;0;0;0;2;0
Metode Penelitian Kualitatif Untuk Bisnis;0;0;0;0;1;0
Pengantar manajemen (3 in 1 ) untuk mahasiswa dan umum;0;0;0;0;1;0
"UUD 1945 & PERUBAHANNYA KABINET INDONESIA BERSATU II""";0;0;0;0;1;1
Linguistik Disruptif : Pendekatan Kekinian Memahami Perkembangan Bahasa;0;0;0;0;1;0
Kewirausahaan : Membentuk Mindset Mahasiswa Dengan Pendekatan Teori, Kasus dan Pendekatan Praktek;0;0;0;0;1;1
Kewirausahaan dan manajemen usaha kecil;0;0;0;0;1;0
Cara mudah belajar basic english grammar;0;0;0;0;2;0
Manajemen pemasaran teori dan implementasi;0;0;0;0;2;2
Prinsip-prinsip pemasaran ed.12 jil 1;0;0;0;0;1;0
KIMIA HIDROKARBON;0;0;0;0;1;0
Broken Throne;0;0;0;0;1;0
Filsafat Politik dan Kotak Pandora Abad ke-21 Edisi 2;0;0;0;0;1;0
Pengantar Hukum Perdata Tertulis (BW);0;0;0;0;1;0
PERKEMBANGAN HUKUM JAMINAN DI INDONESIA;0;0;0;0;1;0
Hukum Kebendaan;0;0;0;0;1;0
sintaksis bahasa indonesia ( pendekatan proses );0;0;0;0;1;0
PENGANTAR LINGUISTIK UMUM;0;0;0;0;1;0
Phrases, clauses and sentencess;0;0;0;0;1;0
LINGUISTIK SUATU PENGANTAR;0;0;0;0;1;0
Hukum Ketenagakerjaan;0;0;0;0;3;2
Hukum Acara Penyelesaian Perselisihan Hubungan Industrial;0;0;0;0;2;0
Pengelolaan kawasan laut berkelanjutan;0;0;0;0;1;0
Kebijakan dan tata kelola kemaritiman;0;0;0;0;1;0
Pengelolaan kualitas air dalam budi daya perairan;0;0;0;0;1;0
Renaisans negara maritim Indonesia;0;0;0;0;1;0
Landas kontinen dalam hukum laut internasional;0;0;0;0;1;0
Hukum laut konservasi sumber daya ikan di Indonesia;0;0;0;0;2;1
Politik Hukum Kelautan & Perikanan : Isu, Permasalahan, dan Telaah Kritis Kebijakan;0;0;0;0;1;0
Prinsi-prinsip penelitian bahasa & sastra;0;0;0;0;1;1
Pendidikan pancasila & kewarganegaraan (PPKN);0;0;0;0;1;1
PENGAJARAN APRESIASI PUISI;0;0;0;0;1;0
PENDIDIKAN KEWARGANEGARAAN (CIVIC EDUCATION);0;0;0;0;1;0
buku ajar pendidikan kewarganegaraan;0;0;0;0;2;0
Etika berwarganegara : pendidikan kewarganegaraan di perguruan tinggi;0;0;0;0;1;1
PENDIDIKAN KEWARGANEGARAAN, PANCASILA UUD 1945;0;0;0;0;1;0
Kewargaan demokratis politik menuju indonesia demokratis;0;0;0;0;1;0
MOdul pendidikan pancasila dan kewarganegaraan;0;0;0;0;1;0
GAGALNYA PEMBANGUNAN;0;0;0;0;1;0
Damai di antara pusaran konflik papua;0;0;0;0;1;0
Statistika non parametrik dalam aplikasi;0;0;0;0;3;0
Ilmu per-undang-undangan;0;0;0;0;1;0
Evaluasi program pendidikan;0;0;0;0;1;0
Kode etik profesi guru;0;0;0;0;2;0
Manajemen pendidikan karakter;0;0;0;0;1;0
Konsep dasar bahasa indonesia morfologi semantik fungsi wacana pragmatik ejaaan dasar;0;0;0;0;1;0
Profesi keguruan;0;0;0;0;3;0
pengawasan pendidikan;0;0;0;0;1;0
Hukum Pajak : Konsep, Aplikasi, dan Penuntun Praktis;0;0;0;0;2;0
Hukum maritim;0;0;0;0;1;0
Hukum laut internasional dan hukum laut Indonesia;0;0;0;0;2;0
Panduan memahami kurikulum 2013;0;0;0;0;1;0
EVOLUSI;0;0;0;0;1;0
CINTA DI UJUNG SAJADAH;0;0;0;0;1;0
Teori & seni menyelesaikan perkara perdata di pengadilan;0;0;0;0;1;0
PENYELESAIAN SENGKETA DILUAR PENGADILAN;0;0;0;0;1;0
Hukum Penyelesaian Sengketa Arbitrase Nasional Indonesia dan Internasional (Edisi Kedua);0;0;0;0;1;0
Kumpulan peribahasa pantun & puisi: dilengkapi dengan : kata-kata mutiara;0;0;0;0;1;0
Hukum perusahaan kepailitan;0;0;0;0;1;0
Prinsip-prinsip pemasaran jilid 2;0;0;0;0;2;1
Manajemen pemasaran ed. 13 jil.2;0;0;0;0;1;0
STATISTIK MULTIVARIAT DENGAN SPSS;0;0;0;0;1;0
Nyanyian pantai;0;0;0;0;2;0
Pantun,Puisi Lama Melayu dan Peribahasa Indonesia;0;0;0;0;1;1
cerdas cermat pantun;0;0;0;0;2;0
Dasar-dasar sosiologi hukum;0;0;0;0;1;0
Hukum Lembaga Pembiayaan;0;0;0;0;2;0
Pendidikan Karakter Anak Bangsa;0;0;0;0;1;0
Hukum Kewarisan Perdata Barat;0;0;0;0;1;0
Hukum Kewarisan Islam: Sebagai Pembaruan Hukum Positif di Indonesia;0;0;0;0;1;0
HUKUM WARIS;0;0;0;0;1;0
teori hukum;0;0;0;0;2;0
Filsafat hukum ( perkembangan & dinamika masalah );0;0;0;0;1;0
Profesi kependidikan;0;0;0;0;1;0
PERAHU KERTAS;0;0;0;0;1;0
METODE PENELITIAN KUALITATIF TEORI & PRAKTIK;0;0;0;0;1;0
Developing, vocabulary skills;0;0;0;0;1;1
Enrich our vocabulary through reading and idioms;0;0;0;0;1;0
Effective Strategies For The Teaching Of Vocabulary : A Comprehensive Guidebook;0;0;0;0;1;1
DAILY ENGLISH CONVERSATION;0;0;0;0;1;0
Super easy daily vocabulary;0;0;0;0;1;0
Morfologi : kajian proses pembentukan kata;0;0;0;0;1;0
MORFOLOGY AN INTRODUCTION;0;0;0;0;1;1
ASPEK HUKUM DALAM BISNIS;0;0;0;0;1;0
HUKUM DALAM EKONOMI;0;0;0;0;1;0
El dorado;0;0;0;0;1;0
Profesionalisme Guru di Era Industri 4.0;0;0;0;0;1;0
Jingga untuk matahari;0;0;0;0;1;0
Sukses menjadi guru humoris dan idola yang akan dikenang sepanjang massa;0;0;0;0;1;0
Menjadi guru penggerak merdeka pelajar;0;0;0;0;1;0
Merdeka belajar menjadi manusia autentik;0;0;0;0;1;0
Analisis wacana pragmatik;0;0;0;0;2;0
Ekonomi kelautan;0;0;0;0;1;0
Manajemen Pembangunan Kepulauan dan Pesisir;0;0;0;0;1;0
Konflik nelayan;0;0;0;0;1;0
Perikanan berkelanjutan;0;0;0;0;1;0
Pengelolaan perikanan indonesia;0;0;0;0;1;0
Konsep blue economy sumber pertumbuhan baru di indonesia;0;0;0;0;2;1
Paradigma baru pembangunan Indonesia berbasis kelautan;0;0;0;0;1;0
teori akuntasi suatu pengantar;0;0;0;0;2;0
Korban-korban pembangunan;0;0;0;0;1;0
Ekonomi archipelago ed.2;0;0;0;0;1;0
Blue ocean strategy;0;0;0;0;2;0
Bunga Rampai Pembangunan EKONOMI PESISIR;0;0;0;0;2;0
Biologi Kelautan;0;0;0;0;1;0
kontroversi kematian hilter dan sepak terjangnya pada dunia;0;0;0;0;1;0
Konservasi ekosistem sumber daya hayati di wilayah pesisir dan laut tropis;0;0;0;0;1;0
Mewujudkan poros maritim dunia;0;0;0;0;1;0
Coral Reef Management Handbook;0;0;0;0;1;0
POROS MARITIM;0;0;0;0;1;0
Toponimi asal-usul nama daerah kota Tanjungpinang;0;0;0;0;1;0
Wajah kauman surakarta 1910-1930;0;0;0;0;1;0
Melatih otak anak berpikir holistik;0;0;0;0;1;0
Sosiologi wanita;0;0;0;0;1;0
Perekonomian Indonesia;0;0;0;0;1;0
Kelembagaan Wirausaha Sektor Industri Menengah dan Kecil;0;0;0;0;1;0
sistem ekonomi indonesia;0;0;0;0;1;0
SISTEM DAN MORAL EKONOMI INDONESIA;0;0;0;0;1;0
Ekonomika Industri Indonesia, Menuju Negara Industri Baru 2030 ?;0;0;0;0;1;0
Manajemen bisnis ritel;0;0;0;0;1;0
Perencanaan pengajaran;0;0;0;0;1;0
Cara Mudah Belajar Statistika Pendidikan;0;0;0;0;1;0
Manajemen strategi;0;0;0;0;1;0
KOMUNIKASI PENJUALAN MENUJU PRAMUNIAGA JUARA;0;0;0;0;1;0
MANAJEMEN OPERASI INTERNASIONAL;0;0;0;0;1;0
Manajemen proyek sistem informasi sebagai solusi penjadwalan proyek;0;0;0;0;1;0
Manusia & kebudayaan dalam perspektif ilmu budaya dasar;0;0;0;0;1;0
Representasi Identitas Dalam Masyarakat Multikultural;0;0;0;0;1;0
EKOLOGI, LINGKUNGAN HIDUP DAN PEMBANGUNAN;0;0;0;0;1;0
Aglomerasi industri makanan dan minuman di Jawa Timur;0;0;0;0;1;0
Strategi pemasaran;0;0;0;0;2;0
Ilmu Budaya Dasar : Pengantar Ke Arah Ilmu Sosial Budaya Dasar / ISBD/ Social Culture;0;0;0;0;1;0
BUDAYA ORGANISASI ED. KEDUA;0;0;0;0;1;0
Pengantar sistem sosial budaya di Indonesia;0;0;0;0;1;0
Sosiologi masyarakat perkotaan fenomenologi permukiman padat huni di Jakarta;0;0;0;0;1;0
BURUNG-BURUNG MANYAR;0;0;0;0;1;0
Teori-teori sosial dalam tiga paradigma;0;0;0;0;1;0
Tantangan lingkungan & lansekap hutan kota;0;0;0;0;1;0
Prinsip-prinsip ekologi akosistem, lingkungan dan pelestariannya;0;0;0;0;1;0
Psikologi kesehatan;0;0;0;0;1;0
Konsep Pengetahuan sikap perilaku persepsi stres kecemasan;0;0;0;0;1;0
Perkembangan Anak Jilid 1;0;0;0;0;1;0
The miracle of vitamin D;0;0;0;0;1;0
Epidemiologi kesehatan lingkungan ed. pertama;0;0;0;0;1;0
Andai sel-sel dalam tubuhmu berbicara;0;0;0;0;1;0
Sains perubahan iklim;0;0;0;0;1;0
Konservasi laut dalam pendekatan biologi;0;0;0;0;1;0
Ilmu Lingkungan Edisi 2;0;0;0;0;2;0
Biologi  lingkungan;0;0;0;0;1;0
GRAMMAR SUPERFLASH;0;0;0;0;1;0
100 Language functiions for fluent English;0;0;0;0;1;1
Pembelajaran berorientasi AKM (Asesmen Kompetensi Minimum);0;0;0;0;1;0
Bahasa jepang untuk pemula;0;0;0;0;1;0
Ketika tiba kimpulan puisi;0;0;0;0;1;0
Cermin Diri Materi Renungan;0;0;0;0;1;0
Pedoman umum ejaan bahasa Indonesia yang disempurnakan & pedoman umum pembentukan istilah;0;0;0;0;1;0
DAUN YANG JATUH TAK PERNAH MEMBENCI ANGIN;0;0;0;0;1;0
Vocabulary for daily conversation;0;0;0;0;1;0
Stop menjadi manusia ! mainstream;0;0;0;0;1;0
Metode penelitian sastra lisan;0;0;0;0;1;0
Pengantar Bisnis Ilmu Menjual;0;0;0;0;1;0
Padang bulan dan cinta didalam gelas;0;0;0;0;1;0
Etika dan filsafat komunikasi;0;0;0;0;1;0
ilmu komunikasi sebuah pengantar ringkas;0;0;0;0;1;0
Yuni;0;0;0;0;1;0
Budi daya Udang Windu;0;0;0;0;1;0
Pembesaran belut di dalam tong & kolam terpal;0;0;0;0;1;0
Kalimat Efektif;0;0;0;0;2;0
Akuntansi dasar 1 dan 2;0;0;0;0;1;0
FILSAFAT UMUM;0;0;0;0;1;0
Filsafat ilmu suatu kajian dalam dimensi ontologis, epistemologis, dan aksiologis;0;0;0;0;1;0
Bukan siapa siapa;0;0;0;0;1;0
Dasar-Dasar Penguasaan Pemrograman Web : Teori + Praktik (HTML, CSS, Javascript);0;0;0;0;1;0
Easy grammar;0;0;0;0;1;0
TERORISME KANAN INDONESIA DINAMIKA DAN PENANGGULANGANYA;0;0;0;0;1;0
Sosiologi the key concept;0;0;0;0;1;0
Metodologi Penelitian Kualitatif Edisi Revisi;0;0;0;0;1;0
Bank dan lembaga keuangan lainnya;0;0;0;0;2;0
Lembaga keuangan;0;0;0;0;2;0
BANK DAN LEMBAGA KEUANGAN;0;0;0;0;1;0
SUARA SANG GURU;0;0;0;0;1;0
Dasar-dasar perbankan, ed revisi;0;0;0;0;1;0
Ajaran-ajaran para founding father dan orang-orang di sekitarnya;0;0;0;0;1;1
Gramatika bahasa indonesia;0;0;0;0;1;0
aku tahu aku gila;0;0;0;0;1;0
Ilmu lingkungan;0;0;0;0;1;0
Metode Riset sumber daya manusia;0;0;0;0;1;0
Hak atas tanah, hakmpengelolaan & hak milik atas satuan rumah susun;0;0;0;0;1;0
Pengantar hukum sumber daya agraria;0;0;0;0;1;0
MANAJEMEN PEMASARAN TEORI DAN APLIKASI DALAM BISNIS;0;0;0;0;1;0
Pengantar teori sastra;0;0;0;0;1;0
Hukum pidana dan kegiatan perekonomian : titik langsung perkara pidana dengan perkara perdata dan tindak pidana ekonomi;0;0;0;0;1;0
Bahasa mandarin sehari- hari;0;0;0;0;1;0
pesona bahasa langkah awal memahami linguistik;0;0;0;0;1;0
Sistem Penilaian Pembelajaran;0;0;0;0;1;0
Asesmen pembelajaran bahasa;0;0;0;0;1;0
PENGEMBANGAN STRATEGI & MODEL PEMBELAJRAN;0;0;0;0;1;1
AKUNTANSI KOPERASI EIDISI 2;0;0;0;0;1;0
TEORI PORTOFOLIO DAN ANALISIS INVESTASI, ED. 11;0;0;0;0;1;0
Metodologi pembelajaran IPA;0;0;0;0;1;0
Dari penjara ke penjara;0;0;0;0;1;0
"Database Systems; Case Study All in One";0;0;0;0;1;0
Buku Mahir Web Programming;0;0;0;0;1;0
Never Give Up !;0;0;0;0;1;0
Teori, metode dan teknik penelitian sastra;0;0;0;0;1;2
Teori Kritik Sastra;0;0;0;0;1;1
ACCOUNTING THEORI BUKU SATU;0;0;0;0;1;1
Teori akuntansi BUKU 1;0;0;0;0;1;1
Hukum Acara PTUN (Edisi Ketiga);0;0;0;0;1;1
Sosiologi dan antropologi agama;0;0;0;0;1;1
Metode penelitian sosial;0;0;0;0;1;1
Sosiologi suatu pengantar;0;0;0;0;1;1
The best english conversations;0;0;0;0;0;1
Hukum Islam Ed. Revisi;0;0;0;0;0;2
Laskar Pelangi;0;0;0;0;0;1
Stilis tika pragmatis;0;0;0;0;0;1
Implementasi kurikulum merdeka;0;0;0;0;0;1
MEDIA PENDIDIKAN;0;0;0;0;0;1
PERANCANGAN MEDIA PEMBELAJARAN BERBASIS MULTI MEDIA;0;0;0;0;0;1
Metodologi pengajaran;0;0;0;0;0;1
AKUNTANSI KEUANGAN LANJUTAN(PERSPEKTIF INDONESIA) BUKU 1;0;0;0;0;0;1
Strategi pembelajaran inovatif : kiat menjadi pendidik yang inspiratif;0;0;0;0;0;1
Strategi & desain pengembangan sistem pembelajaran;0;0;0;0;0;1
STILISTIKA;0;0;0;0;0;1
Seperti sungai yang mengalir buah pikiran dan renungan;0;0;0;0;0;1
PENGANTAR HUKUM ADMINISTRASI INDONESIA;0;0;0;0;0;2
Sistem dan administrasi pemerintahan daerah teori, regulasi, dan implementasi;0;0;0;0;0;1
Multimedia pembelajaran;0;0;0;0;0;1
Desain Pembelajaran;0;0;0;0;0;1
Akuntansi aktiva, utang dan modal;0;0;0;0;0;1
SASTRA ANAK;0;0;0;0;0;1
HUKUM ADMINISTRASI PEMERINTAHN DAERAH;0;0;0;0;0;1
Cooperative Learning;0;0;0;0;0;2
PENERAPAN TEORI HUKUM PADA PENELITIAN;0;0;0;0;0;2
Pendidikan pancasila dan kewarganegaraan untuk perguruan tinggi di era revolusi industri 4.0;0;0;0;0;0;1
Pelayanan prima instansi pemerintah;0;0;0;0;0;1
Kebijakan birokrasi dan pelayanan publik tinjuan kritis ilmu administrasi negara;0;0;0;0;0;1
3 hari jago berbahasa inggris;0;0;0;0;0;1
Mandarin for secretary bahasa mandarin praktis untuk kesekretarisan;0;0;0;0;0;1
STATISTIK Teori dan Aplikasi EDISI 7 JILID 1;0;0;0;0;0;1
Kajian analisis regresi linear dalam penelitian;0;0;0;0;0;1
Statistik teori dan aplikasi Jilid 1;0;0;0;0;0;1
Gen Z : Kegalauan Identitas Keagamaan;0;0;0;0;0;1
Jurnalistik indonesia menulis berita dan feature;0;0;0;0;0;1
Pokok-pokok sosiologi hukum;0;0;0;0;0;1
Hukum agraria Indonesia Jilid I;0;0;0;0;0;1
Perilaku konsumen;0;0;0;0;0;2
Manajemen Pengambilan Keputusan;0;0;0;0;0;1
KEWIRAUSAHAAN;0;0;0;0;0;3
Pengantar ekonomi  jilID 1;0;0;0;0;0;1
Lancar kuasai bahasa mandarin;0;0;0;0;0;1
SAKTI BAHASA INGGRIS DALAM 10 HARI;0;0;0;0;0;1
Spektrum teori sosial;0;0;0;0;0;1
Hukum hak cipta Indonesia;0;0;0;0;0;1
perlindungan hukum terhadap merek;0;0;0;0;0;1
Manajemen  jilid 2;0;0;0;0;0;1
EKONOMI JILID 1;0;0;0;0;0;2
Menggali khazanah sastra melayu klasik;0;0;0;0;0;1
Antologi sastra daerah nusantara;0;0;0;0;0;1
Bahasa melayu kepulauan riau tumpah darah bahasa indonesia;0;0;0;0;0;2
Modernisasi di jantung budaya jawa;0;0;0;0;0;1
BAHASA MELAYU BAHASA DUNIA;0;0;0;0;0;1
Pengantar ekonomi  jil 2;0;0;0;0;0;3
Pengantar ekonomi ed.2 jil 2;0;0;0;0;0;1
Relasi Kuasa Hubungan Kerja Domestik;0;0;0;0;0;1
strategi jitu mencapai kesuksesan belajar;0;0;0;0;0;1
Investing for living;0;0;0;0;0;1
Islam dan pembangunan peran pesantren dalam pembangunan sosial ekonomi masyarakat;0;0;0;0;0;1
Smart english grammar : simple, meaningful, & argynebtative cara mudah mahir grammar;0;0;0;0;0;1
Birokrasi & politik di Indonesia;0;0;0;0;0;1
English gor everyday speaking bahasa Inggris untuk percakapan sehari-hari;0;0;0;0;0;1
kamus inggris, indonesia;0;0;0;0;0;1
Persepsi sikap, dan prasangka dalam komunikasi antarbudaya;0;0;0;0;0;1
Komunikasi antar budaya;0;0;0;0;0;3
METODOLOGI PENELITIAN DAN PENULISAN HUKUM;0;0;0;0;0;1
Teori Komunikasi;0;0;0;0;0;1
KOMUNIKASI LINTAS BUDAYA;0;0;0;0;0;1
Ilmu Budaya pengantar ilmu budaya dasar ditinjau dari perspektif filsafat;0;0;0;0;0;1
Ilmu komunikasi;0;0;0;0;0;1
Pancasila eksistensi dan aktualisasi;0;0;0;0;0;1
Pengantar Ilmu ekonomi mikro;0;0;0;0;0;1
TEORI EKONOMI MIKRO ANALISIS MATEMATIS;0;0;0;0;0;1
Ekonomi Mikro Islam;0;0;0;0;0;1
Politik hukum pemilu;0;0;0;0;0;1
Terampil menulis : tips dan trik menulis laporan, opini, cerpen, puisi, pantun;0;0;0;0;0;1
PRINIP-PRINSIP DAN TEKNIK EVALUASI PENGAJARAN;0;0;0;0;0;1
Bibi gill;0;0;0;0;0;1
ABAD IDEOLOGI;0;0;0;0;0;1
Easy conversation;0;0;0;0;0;1
POLITIK (LA POLITICA);0;0;0;0;0;1
Akuntansi Keperilakuan toeri dan implementasi;0;0;0;0;0;1
3 Undang-undang dasar republik Indonesia;0;0;0;0;0;1
Practical comunication skill;0;0;0;0;0;1
Dasar-dasar manajemen;0;0;0;0;0;1
